1621918140511,0,192.168.2.197,451,1.0,2,{'0.debian.pool.ntp.org': 1, 'pool.ntp.org': 1}
1621918140512,943,192.168.2.197,451,1.0,2,{'1.debian.pool.ntp.org': 1, 'pool.ntp.org': 1}
1621918142740,0,192.168.2.197,508,-0.0,1,{'2.debian.pool.ntp.org': 1}
1621918143606,0,192.168.2.197,451,1.0,2,{'0.debian.pool.ntp.org': 1, 'pool.ntp.org': 1}
1621918145139,0,192.168.2.197,451,1.0,2,{'1.debian.pool.ntp.org': 1, 'pool.ntp.org': 1}
1621921529674,0,192.168.2.197,451,1.0,2,{'0.debian.pool.ntp.org': 1, 'pool.ntp.org': 1}
1621921531736,0,192.168.2.197,451,1.0,2,{'1.debian.pool.ntp.org': 1, 'pool.ntp.org': 1}
1621921533327,0,192.168.2.197,451,-0.0,1,{'3.debian.pool.ntp.org': 1}
1621921533940,5,192.168.2.197,451,1.0,2,{'1.debian.pool.ntp.org': 1, 'pool.ntp.org': 1}
1621921533945,0,192.168.2.197,451,-0.0,1,{'0.debian.pool.ntp.org': 1}
1621921535767,0,192.168.2.197,451,1.0,2,{'3.debian.pool.ntp.org': 1, 'pool.ntp.org': 1}
1621921537024,1925,192.168.2.197,451,-0.0,1,{'3.debian.pool.ntp.org': 1}
1621925299118,0,192.168.2.197,211,-0.0,1,{'VEHERE': 1}
1621932132694,0,192.168.2.197,451,1.0,2,{'0.debian.pool.ntp.org': 1, 'pool.ntp.org': 1}
1621932133475,806,192.168.2.197,451,1.0,2,{'1.debian.pool.ntp.org': 1, 'pool.ntp.org': 1}
1621932135013,0,192.168.2.197,508,-0.0,1,{'2.debian.pool.ntp.org': 1}
1621932136521,0,192.168.2.197,451,1.0,2,{'0.debian.pool.ntp.org': 1, 'pool.ntp.org': 1}
1621932137417,793,192.168.2.197,451,-0.0,1,{'1.debian.pool.ntp.org': 1}
1621932499378,0,192.168.2.197,211,-0.0,1,{'VEHERE': 1}
1621936678685,1417,192.168.2.197,451,-0.0,1,{'1.debian.pool.ntp.org': 1}
1621936680104,1,192.168.2.197,508,-0.0,1,{'2.debian.pool.ntp.org': 1}
1621936681080,2,192.168.2.197,451,1.0,2,{'3.debian.pool.ntp.org': 1, 'pool.ntp.org': 1}
1621936681925,1,192.168.2.197,451,1.0,2,{'0.debian.pool.ntp.org': 1, 'pool.ntp.org': 1}
1621936683316,1,192.168.2.197,451,-0.0,1,{'1.debian.pool.ntp.org': 1}
1621936684531,934,192.168.2.197,451,-0.0,1,{'1.debian.pool.ntp.org': 1}
1621937079602,1131,192.168.2.197,508,-0.0,1,{'2.debian.pool.ntp.org': 1}
1621937080735,980,192.168.2.197,451,-0.0,1,{'3.debian.pool.ntp.org': 1}
1621937082805,0,192.168.2.197,451,1.0,2,{'0.debian.pool.ntp.org': 1, 'pool.ntp.org': 1}
1621937083328,1,192.168.2.197,451,1.0,2,{'1.debian.pool.ntp.org': 1, 'pool.ntp.org': 1}
1621940121496,379,192.168.2.197,451,1.0,2,{'0.debian.pool.ntp.org': 1, 'pool.ntp.org': 1}
1621940122437,951,192.168.2.197,451,-0.0,1,{'1.debian.pool.ntp.org': 1}
1621940125267,228,192.168.2.197,451,1.0,2,{'1.debian.pool.ntp.org': 1, 'pool.ntp.org': 1}
1621940126070,191,192.168.2.197,451,1.0,2,{'0.debian.pool.ntp.org': 1, 'pool.ntp.org': 1}
1621940129158,0,192.168.2.197,451,-0.0,1,{'3.debian.pool.ntp.org': 1}
1621940396087,0,192.168.2.197,451,1.0,2,{'0.debian.pool.ntp.org': 1, 'pool.ntp.org': 1}
1621940397452,0,192.168.2.197,451,-0.0,1,{'1.debian.pool.ntp.org': 1}
1621940400227,489,192.168.2.197,451,1.0,2,{'0.debian.pool.ntp.org': 1, 'pool.ntp.org': 1}
1621940403218,0,192.168.2.197,451,1.0,2,{'3.debian.pool.ntp.org': 1, 'pool.ntp.org': 1}
1621940975716,0,192.168.2.197,451,1.0,2,{'0.debian.pool.ntp.org': 1, 'pool.ntp.org': 1}
1621940977300,1,192.168.2.197,451,-0.0,1,{'1.debian.pool.ntp.org': 1}
1621940977303,1,192.168.2.197,508,-0.0,1,{'2.debian.pool.ntp.org': 1}
1621940978579,1,192.168.2.197,451,1.0,2,{'3.debian.pool.ntp.org': 1, 'pool.ntp.org': 1}
1621940980590,0,192.168.2.197,451,-0.0,1,{'0.debian.pool.ntp.org': 1}
1621940980592,0,192.168.2.197,451,1.0,2,{'1.debian.pool.ntp.org': 1, 'pool.ntp.org': 1}
1621941501919,0,192.168.2.197,211,-0.0,1,{'VEHERE': 1}
1621942035222,1,192.168.2.197,451,1.0,2,{'0.debian.pool.ntp.org': 1, 'pool.ntp.org': 1}
1621942035226,1,192.168.2.197,451,1.0,2,{'1.debian.pool.ntp.org': 1, 'pool.ntp.org': 1}
1621942035229,0,192.168.2.197,508,-0.0,1,{'2.debian.pool.ntp.org': 1}
1621942037922,1,192.168.2.197,451,-0.0,1,{'0.debian.pool.ntp.org': 1}
1621942040485,0,192.168.2.197,451,1.0,2,{'1.debian.pool.ntp.org': 1, 'pool.ntp.org': 1}
1621943301225,0,192.168.2.197,211,-0.0,1,{'VEHERE': 1}
1621953982877,0,192.168.2.197,451,1.0,2,{'0.debian.pool.ntp.org': 1, 'pool.ntp.org': 1}
1621953982878,0,192.168.2.197,451,1.0,2,{'1.debian.pool.ntp.org': 1, 'pool.ntp.org': 1}
1621953982879,0,192.168.2.197,508,-0.0,1,{'2.debian.pool.ntp.org': 1}
1621953985529,1,192.168.2.197,451,1.0,2,{'3.debian.pool.ntp.org': 1, 'pool.ntp.org': 1}
1621953985536,2672,192.168.2.197,451,-0.0,1,{'1.debian.pool.ntp.org': 1}
1621953988210,1,192.168.2.197,451,1.0,2,{'3.debian.pool.ntp.org': 1, 'pool.ntp.org': 1}
1621954669166,0,192.168.2.197,451,1.0,2,{'0.debian.pool.ntp.org': 1, 'pool.ntp.org': 1}
1621954669167,0,192.168.2.197,451,-0.0,1,{'1.debian.pool.ntp.org': 1}
1621954671311,0,192.168.2.197,508,-0.0,1,{'2.debian.pool.ntp.org': 1}
1621954671313,0,192.168.2.197,451,1.0,2,{'3.debian.pool.ntp.org': 1, 'pool.ntp.org': 1}
1621954676169,0,192.168.2.197,451,1.0,2,{'3.debian.pool.ntp.org': 1, 'pool.ntp.org': 1}
1621957703088,0,192.168.2.197,211,-0.0,1,{'VEHERE': 1}
1621964913482,0,192.168.2.197,211,-0.0,1,{'VEHERE': 1}
1621966711081,0,192.168.2.197,211,-0.0,1,{'VEHERE': 1}
1621968513039,0,192.168.2.197,211,-0.0,1,{'VEHERE': 1}
1621973945790,0,192.168.2.197,211,-0.0,1,{'VEHERE': 1}
1621981141046,0,192.168.2.197,211,-0.0,1,{'VEHERE': 1}
1621986516637,0,192.168.2.197,211,-0.0,1,{'VEHERE': 1}
1621991920245,0,192.168.2.197,211,-0.0,1,{'VEHERE': 1}
1621993709287,0,192.168.2.197,211,-0.0,1,{'VEHERE': 1}
1622004569283,388,192.168.2.197,451,1.0,2,{'1.debian.pool.ntp.org': 1, 'pool.ntp.org': 1}
1622004572194,0,192.168.2.197,170,-0.0,1,{'0.debian.pool.ntp.org': 1}
1622004734871,0,192.168.2.197,451,-0.0,1,{'0.debian.pool.ntp.org': 1}
1622004734876,0,192.168.2.197,451,1.0,2,{'1.debian.pool.ntp.org': 1, 'pool.ntp.org': 1}
1622004736550,1,192.168.2.197,451,1.0,2,{'3.debian.pool.ntp.org': 1, 'pool.ntp.org': 1}
1622004738295,0,192.168.2.197,170,-0.0,1,{'1.debian.pool.ntp.org': 1}
1622008101199,0,192.168.2.197,211,-0.0,1,{'VEHERE': 1}
1622010537936,0,192.168.2.197,451,1.0,2,{'0.debian.pool.ntp.org': 1, 'pool.ntp.org': 1}
1622010537939,0,192.168.2.197,451,1.0,2,{'1.debian.pool.ntp.org': 1, 'pool.ntp.org': 1}
1622010539912,1,192.168.2.197,508,-0.0,1,{'2.debian.pool.ntp.org': 1}
1622010541874,1,192.168.2.197,451,-0.0,1,{'3.debian.pool.ntp.org': 1}
1622010687681,0,192.168.2.197,451,1.0,2,{'0.debian.pool.ntp.org': 1, 'pool.ntp.org': 1}
1622010687683,0,192.168.2.197,451,-0.0,1,{'1.debian.pool.ntp.org': 1}
1622010689318,0,192.168.2.197,508,-0.0,1,{'2.debian.pool.ntp.org': 1}
1622010689321,1,192.168.2.197,451,1.0,2,{'3.debian.pool.ntp.org': 1, 'pool.ntp.org': 1}
1622010691040,1651,192.168.2.197,451,1.0,2,{'1.debian.pool.ntp.org': 1, 'pool.ntp.org': 1}
1622010694151,1,192.168.2.197,451,1.0,2,{'3.debian.pool.ntp.org': 1, 'pool.ntp.org': 1}
1622015301301,0,192.168.2.197,211,-0.0,1,{'VEHERE': 1}
1622019066988,0,192.168.2.197,508,-0.0,1,{'2.debian.pool.ntp.org': 1}
1622019069779,0,192.168.2.197,451,-0.0,1,{'0.debian.pool.ntp.org': 1}
1622019069780,0,192.168.2.197,451,1.0,2,{'1.debian.pool.ntp.org': 1, 'pool.ntp.org': 1}
1622019070533,1,192.168.2.197,451,-0.0,1,{'3.debian.pool.ntp.org': 1}
1622019295212,0,192.168.2.197,451,1.0,2,{'0.debian.pool.ntp.org': 1, 'pool.ntp.org': 1}
1622019298091,0,192.168.2.197,508,-0.0,1,{'2.debian.pool.ntp.org': 1}
1622019440050,0,192.168.2.197,451,1.0,2,{'1.debian.pool.ntp.org': 1, 'pool.ntp.org': 1}
1622019440052,1708,192.168.2.197,508,-0.0,1,{'2.debian.pool.ntp.org': 1}
1622019443530,0,192.168.2.197,451,1.0,2,{'0.debian.pool.ntp.org': 1, 'pool.ntp.org': 1}
1622019445935,0,192.168.2.197,451,-0.0,1,{'3.debian.pool.ntp.org': 1}
1622019447516,1,192.168.2.197,451,-0.0,1,{'3.debian.pool.ntp.org': 1}
1622019637343,0,192.168.2.197,451,1.0,2,{'0.debian.pool.ntp.org': 1, 'pool.ntp.org': 1}
1622019639373,0,192.168.2.197,508,-0.0,1,{'2.debian.pool.ntp.org': 1}
1622019642043,0,192.168.2.197,451,1.0,2,{'0.debian.pool.ntp.org': 1, 'pool.ntp.org': 1}
1622019642046,1,192.168.2.197,451,1.0,2,{'1.debian.pool.ntp.org': 1, 'pool.ntp.org': 1}
1622019644705,0,192.168.2.197,451,1.0,2,{'3.debian.pool.ntp.org': 1, 'pool.ntp.org': 1}
1622019897548,1,192.168.2.197,451,-0.0,1,{'0.debian.pool.ntp.org': 1}
1622019899796,1,192.168.2.197,451,1.0,2,{'1.debian.pool.ntp.org': 1, 'pool.ntp.org': 1}
1622019899800,0,192.168.2.197,508,-0.0,1,{'2.debian.pool.ntp.org': 1}
1622019902094,0,192.168.2.197,451,1.0,2,{'3.debian.pool.ntp.org': 1, 'pool.ntp.org': 1}
1622019902097,0,192.168.2.197,451,1.0,2,{'0.debian.pool.ntp.org': 1, 'pool.ntp.org': 1}
1622019904371,0,192.168.2.197,451,1.0,2,{'3.debian.pool.ntp.org': 1, 'pool.ntp.org': 1}
1622019904372,0,192.168.2.197,451,1.0,2,{'1.debian.pool.ntp.org': 1, 'pool.ntp.org': 1}
1622020038510,0,192.168.2.197,451,-0.0,1,{'0.debian.pool.ntp.org': 1}
1622020041049,0,192.168.2.197,508,-0.0,1,{'2.debian.pool.ntp.org': 1}
1622020041051,0,192.168.2.197,451,1.0,2,{'3.debian.pool.ntp.org': 1, 'pool.ntp.org': 1}
1622020043690,1,192.168.2.197,451,1.0,2,{'0.debian.pool.ntp.org': 1, 'pool.ntp.org': 1}
1622020175603,0,192.168.2.197,451,-0.0,1,{'0.debian.pool.ntp.org': 1}
1622020177764,0,192.168.2.197,451,1.0,2,{'1.debian.pool.ntp.org': 1, 'pool.ntp.org': 1}
1622020177766,0,192.168.2.197,508,-0.0,1,{'2.debian.pool.ntp.org': 1}
1622020179647,1,192.168.2.197,451,-0.0,1,{'3.debian.pool.ntp.org': 1}
1622020179649,0,192.168.2.197,451,-0.0,1,{'1.debian.pool.ntp.org': 1}
1622020179650,0,192.168.2.197,451,-0.0,1,{'0.debian.pool.ntp.org': 1}
1622020183869,0,192.168.2.197,451,1.0,2,{'3.debian.pool.ntp.org': 1, 'pool.ntp.org': 1}
1622020739921,1,192.168.2.197,451,1.0,2,{'0.debian.pool.ntp.org': 1, 'pool.ntp.org': 1}
1622020739924,0,192.168.2.197,451,1.0,2,{'1.debian.pool.ntp.org': 1, 'pool.ntp.org': 1}
1622020741942,0,192.168.2.197,508,-0.0,1,{'2.debian.pool.ntp.org': 1}
1622020741943,1,192.168.2.197,451,1.0,2,{'3.debian.pool.ntp.org': 1, 'pool.ntp.org': 1}
1622020743439,2394,192.168.2.197,451,1.0,2,{'1.debian.pool.ntp.org': 1, 'pool.ntp.org': 1}
1622020745838,0,192.168.2.197,451,1.0,2,{'3.debian.pool.ntp.org': 1, 'pool.ntp.org': 1}
1622020835885,0,192.168.2.197,451,1.0,2,{'0.debian.pool.ntp.org': 1, 'pool.ntp.org': 1}
1622020835887,0,192.168.2.197,451,-0.0,1,{'1.debian.pool.ntp.org': 1}
1622020838298,0,192.168.2.197,508,-0.0,1,{'2.debian.pool.ntp.org': 1}
1622020842941,0,192.168.2.197,451,-0.0,1,{'3.debian.pool.ntp.org': 1}
1622020974060,732,192.168.2.197,451,1.0,2,{'0.debian.pool.ntp.org': 1, 'pool.ntp.org': 1}
1622020976390,1,192.168.2.197,508,-0.0,1,{'2.debian.pool.ntp.org': 1}
1622020977477,0,192.168.2.197,451,-0.0,1,{'3.debian.pool.ntp.org': 1}
1622020980551,1,192.168.2.197,451,1.0,2,{'1.debian.pool.ntp.org': 1, 'pool.ntp.org': 1}
1622020980555,1,192.168.2.197,451,1.0,2,{'3.debian.pool.ntp.org': 1, 'pool.ntp.org': 1}
1622021115556,0,192.168.2.197,451,1.0,2,{'1.debian.pool.ntp.org': 1, 'pool.ntp.org': 1}
1622021118156,0,192.168.2.197,451,-0.0,1,{'3.debian.pool.ntp.org': 1}
1622021118157,0,192.168.2.197,451,1.0,2,{'0.debian.pool.ntp.org': 1, 'pool.ntp.org': 1}
1622021120596,0,192.168.2.197,451,-0.0,1,{'3.debian.pool.ntp.org': 1}
1622021122452,0,192.168.2.197,451,1.0,2,{'3.debian.pool.ntp.org': 1, 'pool.ntp.org': 1}
1622024301633,0,192.168.2.197,211,-0.0,1,{'VEHERE': 1}
1622026102904,0,192.168.2.197,211,-0.0,1,{'VEHERE': 1}
1622026253063,500,192.168.2.197,451,1.0,2,{'0.debian.pool.ntp.org': 1, 'pool.ntp.org': 1}
1622026254437,477,192.168.2.197,451,-0.0,1,{'1.debian.pool.ntp.org': 1}
1622026255413,0,192.168.2.197,508,-0.0,1,{'2.debian.pool.ntp.org': 1}
1622026257364,471,192.168.2.197,451,1.0,2,{'0.debian.pool.ntp.org': 1, 'pool.ntp.org': 1}
1622035102656,0,192.168.2.197,211,-0.0,1,{'VEHERE': 1}
1622036901822,0,192.168.2.197,211,-0.0,1,{'VEHERE': 1}
1622038705370,0,192.168.2.197,211,-0.0,1,{'VEHERE': 1}
1622040503387,0,192.168.2.197,211,-0.0,1,{'VEHERE': 1}
1622044104563,0,192.168.2.197,211,-0.0,1,{'VEHERE': 1}
1622049507622,0,192.168.2.197,211,-0.0,1,{'VEHERE': 1}
1622051305982,0,192.168.2.197,211,-0.0,1,{'VEHERE': 1}
1622054903295,0,192.168.2.197,211,-0.0,1,{'VEHERE': 1}
1622060307454,0,192.168.2.197,211,-0.0,1,{'VEHERE': 1}
1622074744578,0,192.168.2.197,211,-0.0,1,{'VEHERE': 1}
1622081935064,0,192.168.2.197,211,-0.0,1,{'VEHERE': 1}
1622083720196,0,192.168.2.197,211,-0.0,1,{'VEHERE': 1}
1622090902272,0,192.168.2.197,211,-0.0,1,{'VEHERE': 1}
1622096301670,0,192.168.2.197,211,-0.0,1,{'VEHERE': 1}
1622098101523,807,192.168.2.197,211,-0.0,1,{'VEHERE': 1}
1622105302450,0,192.168.2.197,211,-0.0,1,{'VEHERE': 1}
1622119701631,0,192.168.2.197,211,-0.0,1,{'VEHERE': 1}
1622121502200,0,192.168.2.197,211,-0.0,1,{'VEHERE': 1}
1622123306281,0,192.168.2.197,211,-0.0,1,{'VEHERE': 1}
1622126904633,0,192.168.2.197,211,-0.0,1,{'VEHERE': 1}
1622135902205,0,192.168.2.197,211,-0.0,1,{'VEHERE': 1}
1622141345802,0,192.168.2.197,211,-0.0,1,{'VEHERE': 1}
1622152112142,0,192.168.2.197,211,-0.0,1,{'VEHERE': 1}
1622155746197,0,192.168.2.197,211,-0.0,1,{'VEHERE': 1}
1622157549398,0,192.168.2.197,211,-0.0,1,{'VEHERE': 1}
1622159309958,0,192.168.2.197,211,-0.0,1,{'VEHERE': 1}
1622161135930,0,192.168.2.197,211,-0.0,1,{'VEHERE': 1}
1622162915890,0,192.168.2.197,211,-0.0,1,{'VEHERE': 1}
1622170109613,0,192.168.2.197,211,-0.0,1,{'VEHERE': 1}
1622173704640,0,192.168.2.197,211,-0.0,1,{'VEHERE': 1}
1622179103219,0,192.168.2.197,211,-0.0,1,{'VEHERE': 1}
1622179929244,245,192.168.2.197,451,1.0,2,{'0.debian.pool.ntp.org': 1, 'pool.ntp.org': 1}
1622179930269,0,192.168.2.197,451,-0.0,1,{'1.debian.pool.ntp.org': 1}
1622179931504,864,192.168.2.197,508,-0.0,1,{'2.debian.pool.ntp.org': 1}
1622179932370,502,192.168.2.197,451,1.0,2,{'3.debian.pool.ntp.org': 1, 'pool.ntp.org': 1}
1622179934424,1,192.168.2.197,451,-0.0,1,{'1.debian.pool.ntp.org': 1}
1622179935770,0,192.168.2.197,451,1.0,2,{'3.debian.pool.ntp.org': 1, 'pool.ntp.org': 1}
1622180902355,0,192.168.2.197,211,-0.0,1,{'VEHERE': 1}
1622188102758,0,192.168.2.197,211,-0.0,1,{'VEHERE': 1}
1622189902171,0,192.168.2.197,211,-0.0,1,{'VEHERE': 1}
1622197102038,0,192.168.2.197,211,-0.0,1,{'VEHERE': 1}
1622197255774,610,192.168.2.197,451,1.0,2,{'0.debian.pool.ntp.org': 1, 'pool.ntp.org': 1}
1622197257298,2,192.168.2.197,451,-0.0,1,{'1.debian.pool.ntp.org': 1}
1622197258512,0,192.168.2.197,508,-0.0,1,{'2.debian.pool.ntp.org': 1}
1622197262079,0,192.168.2.197,451,1.0,2,{'1.debian.pool.ntp.org': 1, 'pool.ntp.org': 1}
1622197263284,0,192.168.2.197,451,1.0,2,{'3.debian.pool.ntp.org': 1, 'pool.ntp.org': 1}
1622200702517,0,192.168.2.197,211,-0.0,1,{'VEHERE': 1}
1622202503348,0,192.168.2.197,211,-0.0,1,{'VEHERE': 1}
1622204302093,0,192.168.2.197,211,-0.0,1,{'VEHERE': 1}
1622211504505,0,192.168.2.197,211,-0.0,1,{'VEHERE': 1}
1622231318195,0,192.168.2.197,211,-0.0,1,{'VEHERE': 1}
1622238515792,0,192.168.2.197,211,-0.0,1,{'VEHERE': 1}
1622242121993,0,192.168.2.197,211,-0.0,1,{'VEHERE': 1}
1622245715014,0,192.168.2.197,211,-0.0,1,{'VEHERE': 1}
1622247520169,0,192.168.2.197,211,-0.0,1,{'VEHERE': 1}
1622249312151,0,192.168.2.197,211,-0.0,1,{'VEHERE': 1}
1622254730098,0,192.168.2.197,211,-0.0,1,{'VEHERE': 1}
1622256530086,0,192.168.2.197,211,-0.0,1,{'VEHERE': 1}
1622278112026,0,192.168.2.197,211,-0.0,1,{'VEHERE': 1}
1622285302627,0,192.168.2.197,211,-0.0,1,{'VEHERE': 1}
1622448156919,0,192.168.2.197,211,-0.0,1,{'VEHERE': 1}
1622453584726,882,192.168.2.197,211,-0.0,1,{'VEHERE': 1}
1622466186196,0,192.168.2.197,211,-0.0,1,{'VEHERE': 1}
1622469784802,0,192.168.2.197,211,-0.0,1,{'VEHERE': 1}
1622473386004,0,192.168.2.197,211,-0.0,1,{'VEHERE': 1}
1622482407678,0,192.168.2.197,211,-0.0,1,{'VEHERE': 1}
1622494998208,0,192.168.2.197,211,-0.0,1,{'VEHERE': 1}
1622496796792,0,192.168.2.197,211,-0.0,1,{'VEHERE': 1}
1622503988873,0,192.168.2.197,211,-0.0,1,{'VEHERE': 1}
1622507616970,0,192.168.2.197,211,-0.0,1,{'VEHERE': 1}
1622542859250,0,192.168.2.197,211,-0.0,1,{'VEHERE': 1}
1622542921344,380,192.168.2.197,451,1.0,2,{'0.debian.pool.ntp.org': 1, 'pool.ntp.org': 1}
1622542923078,1092,192.168.2.197,508,-0.0,1,{'2.debian.pool.ntp.org': 1}
1622542926008,0,192.168.2.197,451,1.0,2,{'0.debian.pool.ntp.org': 1, 'pool.ntp.org': 1}
1622542926010,1442,192.168.2.197,451,1.0,2,{'1.debian.pool.ntp.org': 1, 'pool.ntp.org': 1}
1622542927454,0,192.168.2.197,451,1.0,2,{'3.debian.pool.ntp.org': 1, 'pool.ntp.org': 1}
1622543090277,0,192.168.2.197,451,1.0,2,{'3.debian.pool.ntp.org': 1, 'pool.ntp.org': 1}
1622543091458,1,192.168.2.197,451,1.0,2,{'1.debian.pool.ntp.org': 1, 'pool.ntp.org': 1}
1622543092311,1,192.168.2.197,451,1.0,2,{'3.debian.pool.ntp.org': 1, 'pool.ntp.org': 1}
1622544659051,0,192.168.2.197,211,-0.0,1,{'VEHERE': 1}
1622555458361,0,192.168.2.197,211,-0.0,1,{'VEHERE': 1}
1622557260052,0,192.168.2.197,211,-0.0,1,{'VEHERE': 1}
1622564458296,0,192.168.2.197,211,-0.0,1,{'VEHERE': 1}
1622580690437,0,192.168.2.197,211,-0.0,1,{'VEHERE': 1}
1622587867801,0,192.168.2.197,211,-0.0,1,{'VEHERE': 1}
1622591476722,0,192.168.2.197,211,-0.0,1,{'VEHERE': 1}
1622605857919,6031,192.168.2.197,211,-0.0,1,{'VEHERE': 1}
1622609458350,0,192.168.2.197,211,-0.0,1,{'VEHERE': 1}
1622630952342,0,192.168.2.197,211,-0.0,1,{'VEHERE': 1}
1622631145536,0,192.168.2.197,451,-0.0,1,{'0.debian.pool.ntp.org': 1}
1622631148900,1,192.168.2.197,508,-0.0,1,{'2.debian.pool.ntp.org': 1}
1622634551226,0,192.168.2.197,211,-0.0,1,{'VEHERE': 1}
1622657951686,0,192.168.2.197,211,-0.0,1,{'VEHERE': 1}
1622668751562,1,192.168.2.197,211,-0.0,1,{'VEHERE': 1}
1622677752387,0,192.168.2.197,211,-0.0,1,{'VEHERE': 1}
1622686770287,0,192.168.2.197,211,-0.0,1,{'VEHERE': 1}
1622690366455,0,192.168.2.197,211,-0.0,1,{'VEHERE': 1}
1622693955769,0,192.168.2.197,211,-0.0,1,{'VEHERE': 1}
1622695752083,0,192.168.2.197,211,-0.0,1,{'VEHERE': 1}
1622699351265,0,192.168.2.197,211,-0.0,1,{'VEHERE': 1}
1622708352089,0,192.168.2.197,211,-0.0,1,{'VEHERE': 1}
1622710151137,0,192.168.2.197,211,-0.0,1,{'VEHERE': 1}
1622711952654,0,192.168.2.197,211,-0.0,1,{'VEHERE': 1}
1622717352045,0,192.168.2.197,211,-0.0,1,{'VEHERE': 1}
1622720952632,0,192.168.2.197,211,-0.0,1,{'VEHERE': 1}
1622731319619,0,192.168.2.197,451,-0.0,1,{'0.debian.pool.ntp.org': 1}
1622731319621,1,192.168.2.197,451,1.0,2,{'1.debian.pool.ntp.org': 1, 'pool.ntp.org': 1}
1622731319625,0,192.168.2.197,508,-0.0,1,{'2.debian.pool.ntp.org': 1}
1622731322812,0,192.168.2.197,451,1.0,2,{'3.debian.pool.ntp.org': 1, 'pool.ntp.org': 1}
1622731322814,1,192.168.2.197,451,1.0,2,{'1.debian.pool.ntp.org': 1, 'pool.ntp.org': 1}
1622731322816,0,192.168.2.197,451,1.0,2,{'0.debian.pool.ntp.org': 1, 'pool.ntp.org': 1}
1622733079923,0,192.168.2.197,211,-0.0,1,{'VEHERE': 1}
1622734406602,0,192.168.2.197,451,1.0,2,{'0.debian.pool.ntp.org': 1, 'pool.ntp.org': 1}
1622734406603,4833,192.168.2.197,451,1.0,2,{'1.debian.pool.ntp.org': 1, 'pool.ntp.org': 1}
1622734411437,0,192.168.2.197,508,-0.0,1,{'2.debian.pool.ntp.org': 1}
1622734411438,0,192.168.2.197,451,1.0,2,{'3.debian.pool.ntp.org': 1, 'pool.ntp.org': 1}
1622738480059,0,192.168.2.197,211,-0.0,1,{'VEHERE': 1}
1622740282908,0,192.168.2.197,211,-0.0,1,{'VEHERE': 1}
1622743883590,0,192.168.2.197,211,-0.0,1,{'VEHERE': 1}
1622752904280,0,192.168.2.197,211,-0.0,1,{'VEHERE': 1}
1622756500023,0,192.168.2.197,211,-0.0,1,{'VEHERE': 1}
1622761884163,0,192.168.2.197,211,-0.0,1,{'VEHERE': 1}
1622761912862,0,192.168.2.197,451,-0.0,1,{'3.debian.pool.ntp.org': 1}
1622761912862,0,192.168.2.197,508,-0.0,1,{'2.debian.pool.ntp.org': 1}
1622761912863,0,192.168.2.197,451,1.0,2,{'0.debian.pool.ntp.org': 1, 'pool.ntp.org': 1}
1622770910096,0,192.168.2.197,211,-0.0,1,{'VEHERE': 1}
1622779877899,0,192.168.2.197,211,-0.0,1,{'VEHERE': 1}
1622781678134,0,192.168.2.197,211,-0.0,1,{'VEHERE': 1}
1622785278504,0,192.168.2.197,211,-0.0,1,{'VEHERE': 1}
1622803278641,0,192.168.2.197,211,-0.0,1,{'VEHERE': 1}
1623051187916,0,192.168.2.197,211,-0.0,1,{'VEHERE': 1}
1623054788304,0,192.168.2.197,211,-0.0,1,{'VEHERE': 1}
1623056588410,0,192.168.2.197,211,-0.0,1,{'VEHERE': 1}
1623060188253,0,192.168.2.197,211,-0.0,1,{'VEHERE': 1}
1623067388445,0,192.168.2.197,211,-0.0,1,{'VEHERE': 1}
1623072789069,0,192.168.2.197,211,-0.0,1,{'VEHERE': 1}
1623073413952,0,192.168.2.197,451,1.0,2,{'0.debian.pool.ntp.org': 1, 'pool.ntp.org': 1}
1623073414865,0,192.168.2.197,451,-0.0,1,{'1.debian.pool.ntp.org': 1}
1623073415932,1,192.168.2.197,508,-0.0,1,{'2.debian.pool.ntp.org': 1}
1623073416700,0,192.168.2.197,451,1.0,2,{'3.debian.pool.ntp.org': 1, 'pool.ntp.org': 1}
1623083592533,0,192.168.2.197,211,-0.0,1,{'VEHERE': 1}
1623094392848,0,192.168.2.197,211,-0.0,1,{'VEHERE': 1}
1623096194448,0,192.168.2.197,211,-0.0,1,{'VEHERE': 1}
1623098004978,0,192.168.2.197,211,-0.0,1,{'VEHERE': 1}
1623107004869,0,192.168.2.197,211,-0.0,1,{'VEHERE': 1}
1623110607477,0,192.168.2.197,211,-0.0,1,{'VEHERE': 1}
1623121014983,0,192.168.2.197,451,-0.0,1,{'0.debian.pool.ntp.org': 1}
1623121014984,0,192.168.2.197,451,1.0,2,{'1.debian.pool.ntp.org': 1, 'pool.ntp.org': 1}
1623121014986,0,192.168.2.197,508,-0.0,1,{'2.debian.pool.ntp.org': 1}
1623121014988,0,192.168.2.197,451,1.0,2,{'3.debian.pool.ntp.org': 1, 'pool.ntp.org': 1}
1623121014989,0,192.168.2.197,451,1.0,2,{'0.debian.pool.ntp.org': 1, 'pool.ntp.org': 1}
1623121014991,0,192.168.2.197,451,-0.0,1,{'3.debian.pool.ntp.org': 1}
1623123201354,0,192.168.2.197,211,-0.0,1,{'VEHERE': 1}
1623124997011,0,192.168.2.197,211,-0.0,1,{'VEHERE': 1}
1623130709018,0,192.168.2.197,451,1.0,2,{'0.debian.pool.ntp.org': 1, 'pool.ntp.org': 1}
1623130715618,0,192.168.2.197,508,-0.0,1,{'2.debian.pool.ntp.org': 1}
1623130715619,0,192.168.2.197,451,1.0,2,{'3.debian.pool.ntp.org': 1, 'pool.ntp.org': 1}
1623130717087,0,192.168.2.197,451,1.0,2,{'0.debian.pool.ntp.org': 1, 'pool.ntp.org': 1}
1623130718633,0,192.168.2.197,451,1.0,2,{'3.debian.pool.ntp.org': 1, 'pool.ntp.org': 1}
1623130718634,2537,192.168.2.197,451,1.0,2,{'1.debian.pool.ntp.org': 1, 'pool.ntp.org': 1}
1623131494500,0,192.168.2.197,451,1.0,2,{'1.debian.pool.ntp.org': 1, 'pool.ntp.org': 1}
1623131496997,1,192.168.2.197,451,1.0,2,{'3.debian.pool.ntp.org': 1, 'pool.ntp.org': 1}
1623131499608,0,192.168.2.197,451,1.0,2,{'3.debian.pool.ntp.org': 1, 'pool.ntp.org': 1}
1623131502288,755,192.168.2.197,451,1.0,2,{'3.debian.pool.ntp.org': 1, 'pool.ntp.org': 1}
1623131774010,2,192.168.2.197,451,1.0,2,{'1.debian.pool.ntp.org': 1, 'pool.ntp.org': 1}
1623131774960,2,192.168.2.197,508,-0.0,1,{'2.debian.pool.ntp.org': 1}
1623131776197,0,192.168.2.197,451,-0.0,1,{'3.debian.pool.ntp.org': 1}
1623131776853,6,192.168.2.197,451,1.0,2,{'0.debian.pool.ntp.org': 1, 'pool.ntp.org': 1}
1623131778636,937,192.168.2.197,451,1.0,2,{'3.debian.pool.ntp.org': 1, 'pool.ntp.org': 1}
1623133131816,0,192.168.2.197,451,-0.0,1,{'0.debian.pool.ntp.org': 1}
1623133132479,0,192.168.2.197,451,1.0,2,{'1.debian.pool.ntp.org': 1, 'pool.ntp.org': 1}
1623133133801,353,192.168.2.197,508,-0.0,1,{'2.debian.pool.ntp.org': 1}
1623133134556,486,192.168.2.197,451,-0.0,1,{'3.debian.pool.ntp.org': 1}
1623133137478,1,192.168.2.197,451,-0.0,1,{'1.debian.pool.ntp.org': 1}
1623133139354,999,192.168.2.197,451,1.0,2,{'3.debian.pool.ntp.org': 1, 'pool.ntp.org': 1}
1623133767478,1,192.168.2.197,451,1.0,2,{'1.debian.pool.ntp.org': 1, 'pool.ntp.org': 1}
1623133768712,0,192.168.2.197,451,1.0,2,{'3.debian.pool.ntp.org': 1, 'pool.ntp.org': 1}
1623133770188,2,192.168.2.197,451,-0.0,1,{'1.debian.pool.ntp.org': 1}
1623133770190,2,192.168.2.197,451,-0.0,1,{'0.debian.pool.ntp.org': 1}
1623133770193,1792,192.168.2.197,451,1.0,2,{'3.debian.pool.ntp.org': 1, 'pool.ntp.org': 1}
1623133771990,1600,192.168.2.197,451,-0.0,1,{'0.debian.pool.ntp.org': 1}
1623133913349,1532,192.168.2.197,451,1.0,2,{'1.debian.pool.ntp.org': 1, 'pool.ntp.org': 1}
1623133914887,1628,192.168.2.197,508,-0.0,1,{'2.debian.pool.ntp.org': 1}
1623133916516,1,192.168.2.197,451,1.0,2,{'3.debian.pool.ntp.org': 1, 'pool.ntp.org': 1}
1623133916521,1388,192.168.2.197,451,-0.0,1,{'1.debian.pool.ntp.org': 1}
1623134058075,0,192.168.2.197,451,-0.0,1,{'0.debian.pool.ntp.org': 1}
1623134060177,1,192.168.2.197,451,1.0,2,{'1.debian.pool.ntp.org': 1, 'pool.ntp.org': 1}
1623134060181,1,192.168.2.197,508,-0.0,1,{'2.debian.pool.ntp.org': 1}
1623134061702,0,192.168.2.197,451,1.0,2,{'3.debian.pool.ntp.org': 1, 'pool.ntp.org': 1}
1623134061707,1830,192.168.2.197,451,1.0,2,{'1.debian.pool.ntp.org': 1, 'pool.ntp.org': 1}
1623134063538,0,192.168.2.197,451,-0.0,1,{'0.debian.pool.ntp.org': 1}
1623134065818,2,192.168.2.197,451,-0.0,1,{'0.debian.pool.ntp.org': 1}
1623134322549,0,192.168.2.197,451,1.0,2,{'1.debian.pool.ntp.org': 1, 'pool.ntp.org': 1}
1623134322550,0,192.168.2.197,508,-0.0,1,{'2.debian.pool.ntp.org': 1}
1623134322552,1324,192.168.2.197,451,-0.0,1,{'3.debian.pool.ntp.org': 1}
1623134325960,0,192.168.2.197,451,1.0,2,{'1.debian.pool.ntp.org': 1, 'pool.ntp.org': 1}
1623134465180,2338,192.168.2.197,451,-0.0,1,{'1.debian.pool.ntp.org': 1}
1623134467525,0,192.168.2.197,451,-0.0,1,{'3.debian.pool.ntp.org': 1}
1623134469819,0,192.168.2.197,451,-0.0,1,{'0.debian.pool.ntp.org': 1}
1623134469821,0,192.168.2.197,451,1.0,2,{'1.debian.pool.ntp.org': 1, 'pool.ntp.org': 1}
1623134472559,0,192.168.2.197,451,1.0,2,{'1.debian.pool.ntp.org': 1, 'pool.ntp.org': 1}
1623137594041,0,192.168.2.197,211,-0.0,1,{'VEHERE': 1}
1623144794374,0,192.168.2.197,211,-0.0,1,{'VEHERE': 1}
1623149235203,3,192.168.2.197,451,1.0,2,{'0.debian.pool.ntp.org': 1, 'pool.ntp.org': 1}
1623149235210,1063,192.168.2.197,451,1.0,2,{'1.debian.pool.ntp.org': 1, 'pool.ntp.org': 1}
1623149237917,1,192.168.2.197,451,-0.0,1,{'3.debian.pool.ntp.org': 1}
1623149240783,0,192.168.2.197,451,-0.0,1,{'1.debian.pool.ntp.org': 1}
1623149242545,1,192.168.2.197,451,-0.0,1,{'3.debian.pool.ntp.org': 1}
1623150194471,0,192.168.2.197,211,-0.0,1,{'VEHERE': 1}
1623150535238,444,192.168.2.197,451,-0.0,1,{'1.debian.pool.ntp.org': 1}
1623150537994,2,192.168.2.197,451,1.0,2,{'3.debian.pool.ntp.org': 1, 'pool.ntp.org': 1}
1623152294154,0,192.168.2.197,211,-0.0,1,{'VEHERE': 1}
1623157692838,0,192.168.2.197,211,-0.0,1,{'VEHERE': 1}
1623159096663,2,192.168.2.197,451,1.0,2,{'1.debian.pool.ntp.org': 1, 'pool.ntp.org': 1}
1623159098088,1,192.168.2.197,508,-0.0,1,{'2.debian.pool.ntp.org': 1}
1623159098093,655,192.168.2.197,451,1.0,2,{'3.debian.pool.ntp.org': 1, 'pool.ntp.org': 1}
1623163094686,0,192.168.2.197,211,-0.0,1,{'VEHERE': 1}
1623165802632,0,192.168.2.197,451,1.0,2,{'3.debian.pool.ntp.org': 1, 'pool.ntp.org': 1}
1623165808045,1,192.168.2.197,451,1.0,2,{'1.debian.pool.ntp.org': 1, 'pool.ntp.org': 1}
1623165808048,0,192.168.2.197,451,1.0,2,{'0.debian.pool.ntp.org': 1, 'pool.ntp.org': 1}
1623168493195,0,192.168.2.197,211,-0.0,1,{'VEHERE': 1}
1623173892642,0,192.168.2.197,211,-0.0,1,{'VEHERE': 1}
1623190094329,0,192.168.2.197,211,-0.0,1,{'VEHERE': 1}
1623191893614,0,192.168.2.197,211,-0.0,1,{'VEHERE': 1}
1623200892802,0,192.168.2.197,211,-0.0,1,{'VEHERE': 1}
1623209897275,0,192.168.2.197,211,-0.0,1,{'VEHERE': 1}
1623215292900,0,192.168.2.197,211,-0.0,1,{'VEHERE': 1}
1623226092853,0,192.168.2.197,211,-0.0,1,{'VEHERE': 1}
1623227893309,0,192.168.2.197,211,-0.0,1,{'VEHERE': 1}
1623233292943,0,192.168.2.197,211,-0.0,1,{'VEHERE': 1}
1623238693468,0,192.168.2.197,211,-0.0,1,{'VEHERE': 1}
1623240493501,0,192.168.2.197,211,-0.0,1,{'VEHERE': 1}
1623242293645,0,192.168.2.197,211,-0.0,1,{'VEHERE': 1}
1623245892645,0,192.168.2.197,211,-0.0,1,{'VEHERE': 1}
1623251293490,0,192.168.2.197,211,-0.0,1,{'VEHERE': 1}
1623253094746,0,192.168.2.197,211,-0.0,1,{'VEHERE': 1}
1623254894113,0,192.168.2.197,211,-0.0,1,{'VEHERE': 1}
1623267493171,0,192.168.2.197,211,-0.0,1,{'VEHERE': 1}
1623276497013,0,192.168.2.197,211,-0.0,1,{'VEHERE': 1}
1623283695478,0,192.168.2.197,211,-0.0,1,{'VEHERE': 1}
1623287294328,0,192.168.2.197,211,-0.0,1,{'VEHERE': 1}
1623316093857,0,192.168.2.197,211,-0.0,1,{'VEHERE': 1}
1623321494661,0,192.168.2.197,211,-0.0,1,{'VEHERE': 1}
1623328693764,0,192.168.2.197,211,-0.0,1,{'VEHERE': 1}
1623332292751,6,192.168.2.197,211,-0.0,1,{'VEHERE': 1}
1623334092673,0,192.168.2.197,211,-0.0,1,{'VEHERE': 1}
1623350292756,0,192.168.2.197,211,-0.0,1,{'VEHERE': 1}
1623364694578,0,192.168.2.197,211,-0.0,1,{'VEHERE': 1}
1623366495723,0,192.168.2.197,211,-0.0,1,{'VEHERE': 1}
1623386292791,0,192.168.2.197,211,-0.0,1,{'VEHERE': 1}
1623389893050,0,192.168.2.197,211,-0.0,1,{'VEHERE': 1}
1623400692736,0,192.168.2.197,211,-0.0,1,{'VEHERE': 1}
1623402872573,1,192.168.2.197,456,-0.0,1,{'pypi.org': 1}
1623402872580,0,192.168.2.197,172,-0.0,1,{'files.pythonhosted.org': 1}
1623402880831,0,192.168.2.197,456,-0.0,1,{'pypi.org': 1}
1623402882449,0,192.168.2.197,474,1.0,2,{'files.pythonhosted.org': 1, 'dualstack.r.ssl.global.fastly.net': 1}
1623402884970,0,192.168.2.197,456,-0.0,1,{'pypi.org': 1}
1623405335561,184,192.168.2.197,474,1.0,2,{'files.pythonhosted.org': 1, 'dualstack.r.ssl.global.fastly.net': 1}
1623406156801,0,192.168.2.197,416,1.0,2,{'packages.elastic.co': 1, 'infra-cdn.elastic.co': 1}
1623406156801,0,192.168.2.197,420,1.0,2,{'artifacts.elastic.co': 1, 'infra-cdn.elastic.co': 1}
1623406156801,731,192.168.2.197,388,-0.0,1,{'debian.map.fastlydns.net': 1}
1623406157533,0,192.168.2.197,416,1.0,2,{'packages.elastic.co': 1, 'infra-cdn.elastic.co': 1}
1623406179679,0,192.168.2.197,228,-0.0,1,{'_http._tcp.security.debian.org': 1}
1623407976693,0,192.168.2.197,269,1.0,2,{'_http._tcp.packages.elastic.co': 1, 'elastic.co': 1}
1623407976693,1,192.168.2.197,388,-0.0,1,{'debian.map.fastlydns.net': 1}
1623407976694,0,192.168.2.197,416,1.0,2,{'packages.elastic.co': 1, 'infra-cdn.elastic.co': 1}
